q_trigger,result
1.0,0.400312817675
2.0,0.50206915938
3.0,0.604747580419
4.0,0.707695458181
5.0,0.810246854748
