q_trigger, Result
1, 0.42194809349092743
2, 0.48843139292255117
3, 0.5821708146766715
4, 0.7027025431524397
5, 0.8454450789712534
6, 0.9940387369563118
7, 0.994038736956311
8, 0.9940387369563106
9, 0.9940387369563108
10, 0.9940387369563118
11, 0.994038736956311
12, 0.9940387369563116
13, 0.9940387369563105
14, 0.9940387369563118
15, 0.994038736956311
16, 0.9940387369563102
17, 0.994038736956311
18, 0.994038736956311
19, 0.994038736956311
20, 0.9940387369563102
